Time,Event,Object
-8587151590025638464,
Object_Placed,HammerCube : (-0.6, 1.5, -1.9)
-8587151590002677844,
Object_Placed,BootCube : (-4.8, 1.5, -7.2)
-8587151589979522846,
Object_Placed,PurseCube : (-7.0, 1.5, -13.8)
-8587151589958917819,
Object_Placed,BasketballCube : (-6.3, 1.5, -19.9)
-8587151589937362804,
Object_Placed,CloverCube : (-2.7, 1.5, -25.3)
-8587151589812127785,
Object_Placed,CrownCube : (11.2, 1.5, 3.4)
-8587151589784519918,
Object_Placed,BottleCube : (10.5, 1.5, 11.6)
-8587151589757606306,
Object_Placed,GuitarCube : (7.4, 1.5, 19.1)
-8587151589721998459,
Object_Placed,LemonCube : (0.7, 1.5, 26.8)
-8587151589702808447,
Object_Placed,IceCubeCube : (-4.9, 1.5, 25.7)
-8587151589630643436,
Object_Identity_Set,IceCubeCube : (-0.6, 1.5, -1.9)
-8587151589610283443,
Object_Identity_Set,CloverCube : (-4.8, 1.5, -7.2)
-8587151589586677799,
Object_Identity_Set,LemonCube : (-7.0, 1.5, -13.8)
-8587151589583597784,
Object_Identity_Removed,LemonCube : (-7.0, 1.5, -13.8)
-8587151589577162792,
Object_Identity_Set,LemonCube : (-7.0, 1.5, -13.8)
-8587151589560477787,
Object_Identity_Set,BootCube : (-6.3, 1.5, -19.9)
-8587151589536567780,
Object_Identity_Set,BottleCube : (-2.7, 1.5, -25.3)
-8587151589420931088,
Object_Identity_Set,CrownCube : (11.2, 1.5, 3.4)
-8587151589394211091,
Object_Identity_Set,BasketballCube : (10.5, 1.5, 11.6)
-8587151589366491080,
Object_Identity_Set,PurseCube : (7.4, 1.5, 19.1)
-8587151589333611078,
Object_Identity_Set,GuitarCube : (0.7, 1.5, 26.8)
-8587151589315931075,
Object_Identity_Set,HammerCube : (-4.9, 1.5, 25.7)
End of File
