Time,Event,Object
-8587151590972951845,
ChangeTextureEvent_ObjectClicked,IceCubeCube
-8587151590911956830,
ChangeTextureEvent_ObjectClicked,BottleCube
-8587151590832591391,
ChangeTextureEvent_ObjectClicked,GuitarCube
-8587151590770954174,
ChangeTextureEvent_ObjectClicked,HammerCube
-8587151590653438643,
ChangeTextureEvent_ObjectClicked,LemonCube
-8587151590550915158,
ChangeTextureEvent_ObjectClicked,PurseCube
-8587151590511515139,
ChangeTextureEvent_ObjectClicked,CloverCube
-8587151590436526477,
ChangeTextureEvent_ObjectClicked,BasketballCube
-8587151590307563889,
ChangeTextureEvent_ObjectClicked,BootCube
-8587151590198523837,
ChangeTextureEvent_ObjectClicked,CrownCube
End of File
